<?xml version="1.0" encoding="UTF-8"?>
<GenRun Id="impl_1" LaunchPart="xc7a35tcpg236-1" LaunchTime="1599548335">
  <File Type="BITSTR-BMM" Name="System_bd.bmm"/>
  <File Type="OPT-METHODOLOGY-DRC" Name="System_methodology_drc_opted.rpt"/>
  <File Type="INIT-TIMING" Name="System_timing_summary_init.rpt"/>
  <File Type="ROUTE-PWR" Name="System_power_routed.rpt"/>
  <File Type="PA-TCL" Name="System.tcl"/>
  <File Type="OPT-TIMING" Name="System_timing_summary_opted.rpt"/>
  <File Type="OPT-DCP" Name="System_opt.dcp"/>
  <File Type="ROUTE-PWR-SUM" Name="System_power_summary_routed.pb"/>
  <File Type="REPORTS-TCL" Name="System_reports.tcl"/>
  <File Type="OPT-DRC" Name="System_drc_opted.rpt"/>
  <File Type="OPT-HWDEF" Name="System.hwdef"/>
  <File Type="PWROPT-DCP" Name="System_pwropt.dcp"/>
  <File Type="PWROPT-DRC" Name="System_drc_pwropted.rpt"/>
  <File Type="PWROPT-TIMING" Name="System_timing_summary_pwropted.rpt"/>
  <File Type="PLACE-DCP" Name="System_placed.dcp"/>
  <File Type="PLACE-IO" Name="System_io_placed.rpt"/>
  <File Type="PLACE-CLK" Name="System_clock_utilization_placed.rpt"/>
  <File Type="PLACE-UTIL" Name="System_utilization_placed.rpt"/>
  <File Type="PLACE-UTIL-PB" Name="System_utilization_placed.pb"/>
  <File Type="PLACE-CTRL" Name="System_control_sets_placed.rpt"/>
  <File Type="PLACE-SIMILARITY" Name="System_incremental_reuse_placed.rpt"/>
  <File Type="PLACE-PRE-SIMILARITY" Name="System_incremental_reuse_pre_placed.rpt"/>
  <File Type="PLACE-TIMING" Name="System_timing_summary_placed.rpt"/>
  <File Type="POSTPLACE-PWROPT-DCP" Name="System_postplace_pwropt.dcp"/>
  <File Type="BG-BIN" Name="System.bin"/>
  <File Type="POSTPLACE-PWROPT-TIMING" Name="System_timing_summary_postplace_pwropted.rpt"/>
  <File Type="PHYSOPT-DCP" Name="System_physopt.dcp"/>
  <File Type="PHYSOPT-DRC" Name="System_drc_physopted.rpt"/>
  <File Type="BITSTR-MSK" Name="System.msk"/>
  <File Type="PHYSOPT-TIMING" Name="System_timing_summary_physopted.rpt"/>
  <File Type="ROUTE-ERROR-DCP" Name="System_routed_error.dcp"/>
  <File Type="ROUTE-DCP" Name="System_routed.dcp"/>
  <File Type="ROUTE-BLACKBOX-DCP" Name="System_routed_bb.dcp"/>
  <File Type="ROUTE-DRC" Name="System_drc_routed.rpt"/>
  <File Type="ROUTE-DRC-PB" Name="System_drc_routed.pb"/>
  <File Type="ROUTE-DRC-RPX" Name="System_drc_routed.rpx"/>
  <File Type="BITSTR-MMI" Name="System.mmi"/>
  <File Type="ROUTE-METHODOLOGY-DRC" Name="System_methodology_drc_routed.rpt"/>
  <File Type="ROUTE-METHODOLOGY-DRC-RPX" Name="System_methodology_drc_routed.rpx"/>
  <File Type="ROUTE-METHODOLOGY-DRC-PB" Name="System_methodology_drc_routed.pb"/>
  <File Type="ROUTE-PWR-RPX" Name="System_power_routed.rpx"/>
  <File Type="ROUTE-STATUS" Name="System_route_status.rpt"/>
  <File Type="ROUTE-STATUS-PB" Name="System_route_status.pb"/>
  <File Type="ROUTE-TIMINGSUMMARY" Name="System_timing_summary_routed.rpt"/>
  <File Type="ROUTE-TIMING-PB" Name="System_timing_summary_routed.pb"/>
  <File Type="ROUTE-TIMING-RPX" Name="System_timing_summary_routed.rpx"/>
  <File Type="ROUTE-SIMILARITY" Name="System_incremental_reuse_routed.rpt"/>
  <File Type="ROUTE-CLK" Name="System_clock_utilization_routed.rpt"/>
  <File Type="ROUTE-BUS-SKEW" Name="System_bus_skew_routed.rpt"/>
  <File Type="ROUTE-BUS-SKEW-PB" Name="System_bus_skew_routed.pb"/>
  <File Type="ROUTE-BUS-SKEW-RPX" Name="System_bus_skew_routed.rpx"/>
  <File Type="POSTROUTE-PHYSOPT-DCP" Name="System_postroute_physopt.dcp"/>
  <File Type="POSTROUTE-PHYSOPT-BLACKBOX-DCP" Name="System_postroute_physopt_bb.dcp"/>
  <File Type="POSTROUTE-PHYSOPT-TIMING" Name="System_timing_summary_postroute_physopted.rpt"/>
  <File Type="POSTROUTE-PHYSOPT-TIMING-PB" Name="System_timing_summary_postroute_physopted.pb"/>
  <File Type="POSTROUTE-PHYSOPT-TIMING-RPX" Name="System_timing_summary_postroute_physopted.rpx"/>
  <File Type="POSTROUTE-PHYSOPT-BUS-SKEW" Name="System_bus_skew_postroute_physopted.rpt"/>
  <File Type="POSTROUTE-PHYSOPT-BUS-SKEW-PB" Name="System_bus_skew_postroute_physopted.pb"/>
  <File Type="BG-BIT" Name="System.bit"/>
  <File Type="POSTROUTE-PHYSOPT-BUS-SKEW-RPX" Name="System_bus_skew_postroute_physopted.rpx"/>
  <File Type="BITSTR-RBT" Name="System.rbt"/>
  <File Type="BITSTR-NKY" Name="System.nky"/>
  <File Type="PDI-FILE" Name="System.pdi"/>
  <File Type="RCFI_FILE" Name="System.rcfi"/>
  <File Type="CFI_FILE" Name="System.cfi"/>
  <File Type="RNPI_FILE" Name="System.rnpi"/>
  <File Type="NPI_FILE" Name="System.npi"/>
  <File Type="RBD_FILE" Name="System.rbd"/>
  <File Type="BITSTR-LTX" Name="debug_nets.ltx"/>
  <File Type="BITSTR-LTX" Name="System.ltx"/>
  <File Type="BITSTR-SYSDEF" Name="System.sysdef"/>
  <File Type="BG-BGN" Name="System.bgn"/>
  <File Type="BG-DRC" Name="System.drc"/>
  <File Type="RDI-RDI" Name="System.vdi"/>
  <File Type="WBT-USG" Name="usage_statistics_webtalk.html"/>
  <FileSet Name="sources" Type="DesignSrcs" RelSrcDir="$PSRCDIR/sources_1">
    <Filter Type="Srcs"/>
    <File Path="$PSRCDIR/sources_1/new/7SegmentDecoder.v">
      <FileInfo>
        <Attr Name="UsedIn" Val="synthesis"/>
        <Attr Name="UsedIn" Val="implementation"/>
        <Attr Name="UsedIn" Val="simulation"/>
      </FileInfo>
    </File>
    <File Path="$PSRCDIR/sources_1/new/clockdiv.v">
      <FileInfo>
        <Attr Name="UsedIn" Val="synthesis"/>
        <Attr Name="UsedIn" Val="implementation"/>
        <Attr Name="UsedIn" Val="simulation"/>
      </FileInfo>
    </File>
    <File Path="$PSRCDIR/sources_1/new/quadSevenSeg.v">
      <FileInfo>
        <Attr Name="UsedIn" Val="synthesis"/>
        <Attr Name="UsedIn" Val="implementation"/>
        <Attr Name="UsedIn" Val="simulation"/>
      </FileInfo>
    </File>
    <File Path="$PSRCDIR/sources_1/new/System.v">
      <FileInfo>
        <Attr Name="UsedIn" Val="synthesis"/>
        <Attr Name="UsedIn" Val="implementation"/>
        <Attr Name="UsedIn" Val="simulation"/>
      </FileInfo>
    </File>
    <Config>
      <Option Name="DesignMode" Val="RTL"/>
      <Option Name="TopModule" Val="System"/>
      <Option Name="TopAutoSet" Val="TRUE"/>
    </Config>
  </FileSet>
  <FileSet Name="constrs_in" Type="Constrs" RelSrcDir="$PSRCDIR/constrs_1">
    <Filter Type="Constrs"/>
    <File Path="$PSRCDIR/constrs_1/new/Basys3.xdc">
      <FileInfo>
        <Attr Name="UsedIn" Val="synthesis"/>
        <Attr Name="UsedIn" Val="implementation"/>
      </FileInfo>
    </File>
    <Config>
      <Option Name="ConstrsType" Val="XDC"/>
    </Config>
  </FileSet>
  <FileSet Name="utils" Type="Utils" RelSrcDir="$PSRCDIR/utils_1">
    <Filter Type="Utils"/>
    <Config>
      <Option Name="TopAutoSet" Val="TRUE"/>
    </Config>
  </FileSet>
  <Strategy Version="1" Minor="2">
    <StratHandle Name="Vivado Implementation Defaults" Flow="Vivado Implementation 2020"/>
    <Step Id="init_design"/>
    <Step Id="opt_design"/>
    <Step Id="power_opt_design"/>
    <Step Id="place_design"/>
    <Step Id="post_place_power_opt_design"/>
    <Step Id="phys_opt_design"/>
    <Step Id="route_design"/>
    <Step Id="post_route_phys_opt_design"/>
    <Step Id="write_bitstream"/>
  </Strategy>
</GenRun>
